repeat,fold,split_seed,configuration,architecture,token_count,use_position,n_train,n_heldout,events_heldout,selected_epochs,inner_epochs,inner_cindex_mean,parameters,n_all,events_all,cindex_all,n_ct,events_ct,cindex_ct,n_mr,events_mr,cindex_mr
0,0,4049,attention_t32_posoff,attention,32,False,171,43,13,13,"[10, 13, 27]",0.7481800661711459,84033,43,13,0.6408668730650154,37,10,0.7285714285714285,6,3,0.3
0,0,4049,attention_t32_poson,attention,32,True,171,43,13,18,"[8, 18, 20]",0.7406645711385078,84033,43,13,0.6439628482972136,37,10,0.7238095238095238,6,3,0.3
0,0,4049,attention_t64_posoff,attention,64,False,171,43,13,17,"[10, 19, 17]",0.7513247202591963,84033,43,13,0.6160990712074303,37,10,0.7142857142857143,6,3,0.3
0,0,4049,attention_t64_poson,attention,64,True,171,43,13,12,"[11, 12, 22]",0.7414187163475955,84033,43,13,0.6439628482972136,37,10,0.7380952380952381,6,3,0.3
0,0,4049,mamba_t32_posoff,mamba,32,False,171,43,13,8,"[5, 13, 8]",0.7464923904656683,319041,43,13,0.628482972136223,37,10,0.7047619047619048,6,3,0.3
0,0,4049,mamba_t32_poson,mamba,32,True,171,43,13,18,"[5, 18, 19]",0.7472342995072623,319041,43,13,0.5913312693498453,37,10,0.7285714285714285,6,3,0.1
0,0,4049,mamba_t64_posoff,mamba,64,False,171,43,13,10,"[9, 13, 10]",0.7524102004050777,319041,43,13,0.628482972136223,37,10,0.7095238095238096,6,3,0.3
0,0,4049,mamba_t64_poson,mamba,64,True,171,43,13,17,"[4, 17, 19]",0.7572766665460456,319041,43,13,0.6068111455108359,37,10,0.7428571428571429,6,3,0.1
0,1,4050,attention_t32_posoff,attention,32,False,171,43,13,3,"[3, 3, 43]",0.746110343557152,84033,43,13,0.6262626262626263,39,12,0.6305220883534136,4,1,1.0
0,1,4050,attention_t32_poson,attention,32,True,171,43,13,3,"[5, 3, 1]",0.7390987381412913,84033,43,13,0.6161616161616161,39,12,0.6184738955823293,4,1,1.0
0,1,4050,attention_t64_posoff,attention,64,False,171,43,13,11,"[4, 11, 18]",0.7408768536428111,84033,43,13,0.6734006734006734,39,12,0.6947791164658634,4,1,0.0
0,1,4050,attention_t64_poson,attention,64,True,171,43,13,4,"[4, 11, 1]",0.7385824813484388,84033,43,13,0.6296296296296297,39,12,0.6305220883534136,4,1,1.0
0,1,4050,mamba_t32_posoff,mamba,32,False,171,43,13,9,"[9, 7, 10]",0.7476360873169384,319041,43,13,0.6632996632996633,39,12,0.6987951807228916,4,1,0.0
0,1,4050,mamba_t32_poson,mamba,32,True,171,43,13,10,"[10, 3, 20]",0.7442207792207792,319041,43,13,0.6531986531986532,39,12,0.6907630522088354,4,1,0.0
0,1,4050,mamba_t64_posoff,mamba,64,False,171,43,13,9,"[9, 8, 11]",0.7511425808234319,319041,43,13,0.6599326599326599,39,12,0.6987951807228916,4,1,0.0
0,1,4050,mamba_t64_poson,mamba,64,True,171,43,13,11,"[11, 3, 16]",0.7490305793497284,319041,43,13,0.6430976430976431,39,12,0.6827309236947792,4,1,0.0
0,2,4051,attention_t32_posoff,attention,32,False,171,43,13,5,"[36, 5, 5]",0.6982265906000706,84033,43,13,0.7256944444444444,36,9,0.725609756097561,7,4,0.75
0,2,4051,attention_t32_poson,attention,32,True,171,43,13,7,"[15, 7, 2]",0.7006414584663675,84033,43,13,0.7361111111111112,36,9,0.7439024390243902,7,4,0.625
0,2,4051,attention_t64_posoff,attention,64,False,171,43,13,10,"[20, 10, 5]",0.6943822959453844,84033,43,13,0.8020833333333334,36,9,0.823170731707317,7,4,0.75
0,2,4051,attention_t64_poson,attention,64,True,171,43,13,4,"[3, 14, 4]",0.6934584491760999,84033,43,13,0.7291666666666666,36,9,0.725609756097561,7,4,0.8125
0,2,4051,mamba_t32_posoff,mamba,32,False,171,43,13,7,"[15, 7, 4]",0.6868440392746846,319041,43,13,0.7673611111111112,36,9,0.774390243902439,7,4,0.75
0,2,4051,mamba_t32_poson,mamba,32,True,171,43,13,20,"[28, 20, 4]",0.6952909873027053,319041,43,13,0.71875,36,9,0.8475609756097561,7,4,0.4375
0,2,4051,mamba_t64_posoff,mamba,64,False,171,43,13,22,"[4, 41, 22]",0.6890867009450417,319041,43,13,0.7708333333333334,36,9,0.8414634146341463,7,4,0.5625
0,2,4051,mamba_t64_poson,mamba,64,True,171,43,13,9,"[13, 9, 4]",0.6836859228616675,319041,43,13,0.7777777777777778,36,9,0.8292682926829268,7,4,0.625
0,3,4052,attention_t32_posoff,attention,32,False,171,43,13,11,"[22, 1, 11]",0.7407453436273421,84033,43,13,0.6858006042296072,38,11,0.703125,5,2,0.75
0,3,4052,attention_t32_poson,attention,32,True,171,43,13,5,"[5, 1, 11]",0.7367420665777975,84033,43,13,0.6737160120845922,38,11,0.6875,5,2,0.75
0,3,4052,attention_t64_posoff,attention,64,False,171,43,13,9,"[21, 1, 9]",0.7349612123231876,84033,43,13,0.6797583081570997,38,11,0.69140625,5,2,0.75
0,3,4052,attention_t64_poson,attention,64,True,171,43,13,11,"[18, 1, 11]",0.7415662260238466,84033,43,13,0.6978851963746223,38,11,0.7109375,5,2,0.75
0,3,4052,mamba_t32_posoff,mamba,32,False,171,43,13,8,"[4, 8, 15]",0.7366943919869658,319041,43,13,0.7039274924471299,38,11,0.72265625,5,2,0.75
0,3,4052,mamba_t32_poson,mamba,32,True,171,43,13,7,"[4, 7, 40]",0.7301467729393467,319041,43,13,0.7009063444108762,38,11,0.71875,5,2,0.75
0,3,4052,mamba_t64_posoff,mamba,64,False,171,43,13,8,"[8, 8, 16]",0.7407025290676147,319041,43,13,0.6948640483383686,38,11,0.7109375,5,2,0.75
0,3,4052,mamba_t64_poson,mamba,64,True,171,43,13,10,"[10, 8, 16]",0.7315580333999853,319041,43,13,0.7039274924471299,38,11,0.7265625,5,2,0.75
0,4,4053,attention_t32_posoff,attention,32,False,172,42,12,20,"[17, 20, 48]",0.7143339593047195,84033,42,12,0.7229299363057324,40,11,0.7089552238805971,2,1,1.0
0,4,4053,attention_t32_poson,attention,32,True,172,42,12,22,"[22, 3, 55]",0.7104270767136264,84033,42,12,0.7292993630573248,40,11,0.7201492537313433,2,1,1.0
0,4,4053,attention_t64_posoff,attention,64,False,172,42,12,16,"[16, 19, 14]",0.7072191340173797,84033,42,12,0.732484076433121,40,11,0.7126865671641791,2,1,1.0
0,4,4053,attention_t64_poson,attention,64,True,172,42,12,17,"[17, 4, 17]",0.7090744548931683,84033,42,12,0.7420382165605095,40,11,0.7238805970149254,2,1,1.0
0,4,4053,mamba_t32_posoff,mamba,32,False,172,42,12,11,"[35, 10, 11]",0.7184306207113225,319041,42,12,0.678343949044586,40,11,0.6455223880597015,2,1,1.0
0,4,4053,mamba_t32_poson,mamba,32,True,172,42,12,27,"[50, 10, 27]",0.7198442390401455,319041,42,12,0.6401273885350318,40,11,0.6716417910447762,2,1,1.0
0,4,4053,mamba_t64_posoff,mamba,64,False,172,42,12,11,"[39, 10, 11]",0.7116981556455241,319041,42,12,0.7101910828025477,40,11,0.6865671641791045,2,1,1.0
0,4,4053,mamba_t64_poson,mamba,64,True,172,42,12,13,"[53, 2, 13]",0.70927715775669,319041,42,12,0.7101910828025477,40,11,0.6865671641791045,2,1,1.0
1,0,4149,attention_t32_posoff,attention,32,False,171,43,13,7,"[7, 11, 7]",0.7175447087099004,84033,43,13,0.718562874251497,37,11,0.7458333333333333,6,2,0.7142857142857143
1,0,4149,attention_t32_poson,attention,32,True,171,43,13,9,"[9, 13, 8]",0.7202505730868779,84033,43,13,0.718562874251497,37,11,0.75,6,2,1.0
1,0,4149,attention_t64_posoff,attention,64,False,171,43,13,10,"[6, 10, 29]",0.7227332326303598,84033,43,13,0.6976047904191617,37,11,0.7416666666666667,6,2,0.7142857142857143
1,0,4149,attention_t64_poson,attention,64,True,171,43,13,23,"[8, 23, 27]",0.7288752356716431,84033,43,13,0.6586826347305389,37,11,0.7416666666666667,6,2,0.42857142857142855
1,0,4149,mamba_t32_posoff,mamba,32,False,171,43,13,15,"[8, 21, 15]",0.726480268800902,319041,43,13,0.5958083832335329,37,11,0.6541666666666667,6,2,0.2857142857142857
1,0,4149,mamba_t32_poson,mamba,32,True,171,43,13,16,"[10, 16, 39]",0.7400066156516573,319041,43,13,0.6646706586826348,37,11,0.75,6,2,0.2857142857142857
1,0,4149,mamba_t64_posoff,mamba,64,False,171,43,13,16,"[7, 27, 16]",0.7371751430154285,319041,43,13,0.6287425149700598,37,11,0.6958333333333333,6,2,0.2857142857142857
1,0,4149,mamba_t64_poson,mamba,64,True,171,43,13,17,"[13, 17, 23]",0.7445327243966502,319041,43,13,0.6437125748502994,37,11,0.725,6,2,0.2857142857142857
1,1,4150,attention_t32_posoff,attention,32,False,171,43,13,8,"[8, 7, 17]",0.7274688120712982,84033,43,13,0.5855072463768116,40,12,0.5709342560553633,3,1,1.0
1,1,4150,attention_t32_poson,attention,32,True,171,43,13,8,"[8, 5, 20]",0.7386661702704811,84033,43,13,0.5884057971014492,40,12,0.5743944636678201,3,1,1.0
1,1,4150,attention_t64_posoff,attention,64,False,171,43,13,8,"[8, 4, 19]",0.7279696170161144,84033,43,13,0.6028985507246377,40,12,0.5882352941176471,3,1,1.0
1,1,4150,attention_t64_poson,attention,64,True,171,43,13,8,"[8, 5, 19]",0.7382776058849134,84033,43,13,0.5942028985507246,40,12,0.5778546712802768,3,1,1.0
1,1,4150,mamba_t32_posoff,mamba,32,False,171,43,13,6,"[6, 5, 17]",0.7431425878687444,319041,43,13,0.6289855072463768,40,12,0.6124567474048442,3,1,1.0
1,1,4150,mamba_t32_poson,mamba,32,True,171,43,13,7,"[7, 6, 17]",0.7435634759869334,319041,43,13,0.6318840579710145,40,12,0.6228373702422145,3,1,1.0
1,1,4150,mamba_t64_posoff,mamba,64,False,171,43,13,6,"[6, 6, 39]",0.7486234283601179,319041,43,13,0.6289855072463768,40,12,0.615916955017301,3,1,1.0
1,1,4150,mamba_t64_poson,mamba,64,True,171,43,13,8,"[8, 6, 51]",0.7376099046695487,319041,43,13,0.6521739130434783,40,12,0.6539792387543253,3,1,0.5
1,2,4151,attention_t32_posoff,attention,32,False,171,43,13,12,"[12, 5, 31]",0.7112985221970861,84033,43,13,0.7105263157894737,38,10,0.7598039215686274,5,3,0.6
1,2,4151,attention_t32_poson,attention,32,True,171,43,13,10,"[10, 5, 27]",0.7230947399242244,84033,43,13,0.6992481203007519,38,10,0.75,5,3,0.6
1,2,4151,attention_t64_posoff,attention,64,False,171,43,13,9,"[9, 8, 20]",0.7080496592991005,84033,43,13,0.6879699248120301,38,10,0.7401960784313726,5,3,0.6
1,2,4151,attention_t64_poson,attention,64,True,171,43,13,10,"[10, 5, 18]",0.7156346271263813,84033,43,13,0.6917293233082706,38,10,0.7401960784313726,5,3,0.6
1,2,4151,mamba_t32_posoff,mamba,32,False,171,43,13,8,"[8, 3, 18]",0.7136463375996849,319041,43,13,0.7293233082706767,38,10,0.803921568627451,5,3,0.2
1,2,4151,mamba_t32_poson,mamba,32,True,171,43,13,28,"[28, 3, 39]",0.7302451697022602,319041,43,13,0.7030075187969925,38,10,0.7598039215686274,5,3,0.2
1,2,4151,mamba_t64_posoff,mamba,64,False,171,43,13,9,"[9, 2, 52]",0.7174300498413057,319041,43,13,0.7218045112781954,38,10,0.7794117647058824,5,3,0.2
1,2,4151,mamba_t64_poson,mamba,64,True,171,43,13,11,"[33, 3, 11]",0.7217392907926404,319041,43,13,0.6729323308270677,38,10,0.7254901960784313,5,3,0.0
1,3,4152,attention_t32_posoff,attention,32,False,171,43,13,9,"[4, 13, 9]",0.7626839523813657,84033,43,13,0.6619217081850534,36,11,0.6737967914438503,7,2,0.6363636363636364
1,3,4152,attention_t32_poson,attention,32,True,171,43,13,9,"[3, 13, 9]",0.7660759171465844,84033,43,13,0.6405693950177936,36,11,0.6631016042780749,7,2,0.45454545454545453
1,3,4152,attention_t64_posoff,attention,64,False,171,43,13,8,"[3, 10, 8]",0.7554323019562129,84033,43,13,0.6334519572953736,36,11,0.6684491978609626,7,2,0.45454545454545453
1,3,4152,attention_t64_poson,attention,64,True,171,43,13,8,"[4, 12, 8]",0.7605023154642933,84033,43,13,0.6227758007117438,36,11,0.6577540106951871,7,2,0.45454545454545453
1,3,4152,mamba_t32_posoff,mamba,32,False,171,43,13,7,"[3, 9, 7]",0.7518102852316476,319041,43,13,0.6334519572953736,36,11,0.6363636363636364,7,2,0.5454545454545454
1,3,4152,mamba_t32_poson,mamba,32,True,171,43,13,7,"[3, 9, 7]",0.7489225835625657,319041,43,13,0.6192170818505338,36,11,0.6363636363636364,7,2,0.5454545454545454
1,3,4152,mamba_t64_posoff,mamba,64,False,171,43,13,17,"[19, 17, 6]",0.7583565458267167,319041,43,13,0.7722419928825622,36,11,0.7647058823529411,7,2,0.9090909090909091
1,3,4152,mamba_t64_poson,mamba,64,True,171,43,13,15,"[15, 27, 7]",0.7562596598200658,319041,43,13,0.701067615658363,36,11,0.7165775401069518,7,2,0.7272727272727273
1,4,4153,attention_t32_posoff,attention,32,False,172,42,12,12,"[2, 12, 12]",0.6691976892637207,84033,42,12,0.8409785932721713,39,9,0.8288288288288288,3,3,0.6666666666666666
1,4,4153,attention_t32_poson,attention,32,True,172,42,12,10,"[3, 10, 12]",0.6699441444942646,84033,42,12,0.8318042813455657,39,9,0.8198198198198198,3,3,0.6666666666666666
1,4,4153,attention_t64_posoff,attention,64,False,172,42,12,12,"[3, 13, 12]",0.6743637333294591,84033,42,12,0.8501529051987767,39,9,0.8468468468468469,3,3,0.6666666666666666
1,4,4153,attention_t64_poson,attention,64,True,172,42,12,10,"[2, 16, 10]",0.6615329482106201,84033,42,12,0.8348623853211009,39,9,0.8333333333333334,3,3,0.6666666666666666
1,4,4153,mamba_t32_posoff,mamba,32,False,172,42,12,9,"[1, 26, 9]",0.7081504121515237,319041,42,12,0.8409785932721713,39,9,0.8333333333333334,3,3,0.6666666666666666
1,4,4153,mamba_t32_poson,mamba,32,True,172,42,12,9,"[1, 17, 9]",0.6914576852320997,319041,42,12,0.8226299694189603,39,9,0.8108108108108109,3,3,0.6666666666666666
1,4,4153,mamba_t64_posoff,mamba,64,False,172,42,12,8,"[1, 19, 8]",0.7026315104474071,319041,42,12,0.8165137614678899,39,9,0.8288288288288288,3,3,0.6666666666666666
1,4,4153,mamba_t64_poson,mamba,64,True,172,42,12,10,"[1, 13, 10]",0.6803133404885525,319041,42,12,0.8134556574923547,39,9,0.7927927927927928,3,3,0.6666666666666666
2,0,4249,attention_t32_posoff,attention,32,False,171,43,13,19,"[45, 19, 7]",0.7128670833201146,84033,43,13,0.7161290322580646,39,12,0.7330677290836654,4,1,1.0
2,0,4249,attention_t32_poson,attention,32,True,171,43,13,20,"[42, 20, 8]",0.7010040925097555,84033,43,13,0.7193548387096774,39,12,0.7370517928286853,4,1,1.0
2,0,4249,attention_t64_posoff,attention,64,False,171,43,13,34,"[34, 76, 8]",0.6960391485041718,84033,43,13,0.667741935483871,39,12,0.6772908366533864,4,1,1.0
2,0,4249,attention_t64_poson,attention,64,True,171,43,13,27,"[62, 27, 7]",0.6930971944629506,84033,43,13,0.6903225806451613,39,12,0.7171314741035857,4,1,1.0
2,0,4249,mamba_t32_posoff,mamba,32,False,171,43,13,21,"[23, 21, 5]",0.7193114643147954,319041,43,13,0.7161290322580646,39,12,0.7211155378486056,4,1,1.0
2,0,4249,mamba_t32_poson,mamba,32,True,171,43,13,21,"[39, 21, 6]",0.7300640842612861,319041,43,13,0.7064516129032258,39,12,0.701195219123506,4,1,1.0
2,0,4249,mamba_t64_posoff,mamba,64,False,171,43,13,16,"[16, 27, 6]",0.7233696054482198,319041,43,13,0.6870967741935484,39,12,0.6892430278884463,4,1,1.0
2,0,4249,mamba_t64_poson,mamba,64,True,171,43,13,24,"[24, 33, 6]",0.7224263189619619,319041,43,13,0.7,39,12,0.7131474103585658,4,1,1.0
2,1,4250,attention_t32_posoff,attention,32,False,171,43,13,14,"[18, 1, 14]",0.7126949961748855,84033,43,13,0.7233333333333334,41,11,0.6958333333333333,2,2,0.0
2,1,4250,attention_t32_poson,attention,32,True,171,43,13,5,"[19, 1, 5]",0.7100046346748838,84033,43,13,0.73,41,11,0.6833333333333333,2,2,1.0
2,1,4250,attention_t64_posoff,attention,64,False,171,43,13,6,"[19, 1, 6]",0.7077107257696739,84033,43,13,0.75,41,11,0.7041666666666667,2,2,1.0
2,1,4250,attention_t64_poson,attention,64,True,171,43,13,11,"[18, 1, 11]",0.7150742916579099,84033,43,13,0.7166666666666667,41,11,0.6833333333333333,2,2,0.0
2,1,4250,mamba_t32_posoff,mamba,32,False,171,43,13,12,"[12, 33, 4]",0.7571798026528526,319041,43,13,0.7066666666666667,41,11,0.6791666666666667,2,2,0.0
2,1,4250,mamba_t32_poson,mamba,32,True,171,43,13,13,"[13, 32, 9]",0.7534414200755188,319041,43,13,0.7,41,11,0.675,2,2,0.0
2,1,4250,mamba_t64_posoff,mamba,64,False,171,43,13,8,"[11, 6, 8]",0.7382506352380965,319041,43,13,0.7033333333333334,41,11,0.6583333333333333,2,2,1.0
2,1,4250,mamba_t64_poson,mamba,64,True,171,43,13,6,"[14, 6, 4]",0.7375457378388498,319041,43,13,0.7233333333333334,41,11,0.6916666666666667,2,2,1.0
2,2,4251,attention_t32_posoff,attention,32,False,171,43,13,19,"[19, 23, 4]",0.704417237927108,84033,43,13,0.7520891364902507,40,11,0.7692307692307693,3,2,0.6666666666666666
2,2,4251,attention_t32_poson,attention,32,True,171,43,13,29,"[29, 35, 1]",0.7088816032484786,84033,43,13,0.7298050139275766,40,11,0.7447552447552448,3,2,0.6666666666666666
2,2,4251,attention_t64_posoff,attention,64,False,171,43,13,20,"[20, 20, 3]",0.701605897802335,84033,43,13,0.7576601671309192,40,11,0.7727272727272727,3,2,0.6666666666666666
2,2,4251,attention_t64_poson,attention,64,True,171,43,13,23,"[33, 23, 3]",0.6925332375500887,84033,43,13,0.7604456824512534,40,11,0.7762237762237763,3,2,0.6666666666666666
2,2,4251,mamba_t32_posoff,mamba,32,False,171,43,13,9,"[15, 1, 9]",0.7022338384880514,319041,43,13,0.766016713091922,40,11,0.7902097902097902,3,2,0.6666666666666666
2,2,4251,mamba_t32_poson,mamba,32,True,171,43,13,11,"[14, 1, 11]",0.6842900194368658,319041,43,13,0.7493036211699164,40,11,0.7762237762237763,3,2,0.6666666666666666
2,2,4251,mamba_t64_posoff,mamba,64,False,171,43,13,13,"[13, 1, 13]",0.7002919351017569,319041,43,13,0.7604456824512534,40,11,0.7832167832167832,3,2,0.6666666666666666
2,2,4251,mamba_t64_poson,mamba,64,True,171,43,13,2,"[11, 1, 2]",0.6776506611846044,319041,43,13,0.8022284122562674,40,11,0.8006993006993007,3,2,0.6666666666666666
2,3,4252,attention_t32_posoff,attention,32,False,171,43,13,20,"[20, 2, 27]",0.7086249419014313,84033,43,13,0.6607669616519174,34,10,0.7106598984771574,9,3,0.5294117647058824
2,3,4252,attention_t32_poson,attention,32,True,171,43,13,15,"[25, 3, 15]",0.7248856295497702,84033,43,13,0.7050147492625368,34,10,0.7309644670050761,9,3,0.5882352941176471
2,3,4252,attention_t64_posoff,attention,64,False,171,43,13,17,"[24, 2, 17]",0.7223823856097585,84033,43,13,0.6784660766961652,34,10,0.7309644670050761,9,3,0.5294117647058824
2,3,4252,attention_t64_poson,attention,64,True,171,43,13,15,"[24, 2, 15]",0.7304761458989485,84033,43,13,0.6843657817109144,34,10,0.7360406091370558,9,3,0.5882352941176471
2,3,4252,mamba_t32_posoff,mamba,32,False,171,43,13,1,"[1, 3, 1]",0.6868560050291871,319041,43,13,0.640117994100295,34,10,0.7360406091370558,9,3,0.5294117647058824
2,3,4252,mamba_t32_poson,mamba,32,True,171,43,13,14,"[48, 3, 14]",0.7108464507541511,319041,43,13,0.7050147492625368,34,10,0.7563451776649747,9,3,0.6470588235294118
2,3,4252,mamba_t64_posoff,mamba,64,False,171,43,13,11,"[29, 2, 11]",0.7147012260379374,319041,43,13,0.6784660766961652,34,10,0.7055837563451777,9,3,0.5294117647058824
2,3,4252,mamba_t64_poson,mamba,64,True,171,43,13,11,"[16, 3, 11]",0.7093457993544939,319041,43,13,0.6991150442477876,34,10,0.751269035532995,9,3,0.5294117647058824
2,4,4253,attention_t32_posoff,attention,32,False,172,42,12,10,"[26, 7, 10]",0.7528900317245374,84033,42,12,0.5619469026548672,36,9,0.5695364238410596,6,3,0.16666666666666666
2,4,4253,attention_t32_poson,attention,32,True,172,42,12,11,"[2, 13, 11]",0.7570265909154825,84033,42,12,0.5619469026548672,36,9,0.543046357615894,6,3,0.3333333333333333
2,4,4253,attention_t64_posoff,attention,64,False,172,42,12,10,"[38, 9, 10]",0.7754207676891166,84033,42,12,0.584070796460177,36,9,0.5695364238410596,6,3,0.3333333333333333
2,4,4253,attention_t64_poson,attention,64,True,172,42,12,10,"[2, 10, 11]",0.7586351332700011,84033,42,12,0.5663716814159292,36,9,0.543046357615894,6,3,0.3333333333333333
2,4,4253,mamba_t32_posoff,mamba,32,False,172,42,12,22,"[22, 7, 70]",0.7807067068309959,319041,42,12,0.5929203539823009,36,9,0.5827814569536424,6,3,0.6666666666666666
2,4,4253,mamba_t32_poson,mamba,32,True,172,42,12,27,"[27, 7, 34]",0.7660714947935358,319041,42,12,0.5353982300884956,36,9,0.5827814569536424,6,3,0.3333333333333333
2,4,4253,mamba_t64_posoff,mamba,64,False,172,42,12,29,"[29, 6, 36]",0.7649438407472909,319041,42,12,0.584070796460177,36,9,0.5827814569536424,6,3,0.6666666666666666
2,4,4253,mamba_t64_poson,mamba,64,True,172,42,12,27,"[27, 8, 34]",0.7668825755827126,319041,42,12,0.5530973451327433,36,9,0.5695364238410596,6,3,0.5
