repeat,configuration,n_all,events_all,cindex_all,n_ct,events_ct,cindex_ct,n_mr,events_mr,cindex_mr
0,resnet18_imagenet_mamba,214,64,0.695386961494472,190,53,0.7282344779743323,24,11,0.5135135135135135
0,resnet18_imagenet_attention,214,64,0.6589147286821705,190,53,0.6805411030176899,24,11,0.47297297297297297
0,resnet18_imagenet_ensemble_train_percentile50,214,64,0.7017410090227475,190,53,0.7194762400277489,24,11,0.4831081081081081
0,resnet18_imagenet_ensemble_raw50,214,64,0.6890329139661965,190,53,0.7178286507110648,24,11,0.5
0,resnet18_imagenet_ensemble_train_z50,214,64,0.7007243614182234,190,53,0.7171349288935137,24,11,0.5135135135135135
0,imagenet50_mamba,214,64,0.6721311475409836,190,53,0.6756850502948317,24,11,0.6081081081081081
0,imagenet50_attention,214,64,0.6671749904689287,190,53,0.6670135275754423,24,11,0.6216216216216216
0,imagenet50_ensemble_train_percentile50,214,64,0.6838861354682934,190,53,0.6891259105098856,24,11,0.5675675675675675
0,imagenet50_ensemble_raw50,214,64,0.6805184902783072,190,53,0.6840097121054457,24,11,0.5743243243243243
0,imagenet50_ensemble_train_z50,214,64,0.6816622188333968,190,53,0.6869580298300382,24,11,0.5540540540540541
1,resnet18_imagenet_mamba,214,64,0.6758164951073834,190,53,0.7004856052722858,24,11,0.5675675675675675
1,resnet18_imagenet_attention,214,64,0.6972931757529547,190,53,0.7022199098161637,24,11,0.5945945945945946
1,resnet18_imagenet_ensemble_train_percentile50,214,64,0.7139407802770364,190,53,0.7300554977454041,24,11,0.6081081081081081
1,resnet18_imagenet_ensemble_raw50,214,64,0.6923370186808997,190,53,0.7091571279916753,24,11,0.5878378378378378
1,resnet18_imagenet_ensemble_train_z50,214,64,0.7119074850679883,190,53,0.7266736038848421,24,11,0.6148648648648649
1,imagenet50_mamba,214,64,0.6120218579234973,190,53,0.614290669441554,24,11,0.6351351351351351
1,imagenet50_attention,214,64,0.6169780149955522,190,53,0.6318071453347208,24,11,0.49324324324324326
1,imagenet50_ensemble_train_percentile50,214,64,0.6543398144618122,190,53,0.6632847728061048,24,11,0.5912162162162162
1,imagenet50_ensemble_raw50,214,64,0.621171686364214,190,53,0.6257370794311481,24,11,0.6148648648648649
1,imagenet50_ensemble_train_z50,214,64,0.6501461430931503,190,53,0.6546999653139092,24,11,0.5945945945945946
2,resnet18_imagenet_mamba,214,64,0.6891599949167619,190,53,0.6940686784599376,24,11,0.6216216216216216
2,resnet18_imagenet_attention,214,64,0.6690812047274114,190,53,0.6897329171002428,24,11,0.5135135135135135
2,resnet18_imagenet_ensemble_train_percentile50,214,64,0.7051086542127335,190,53,0.7207769684356573,24,11,0.5540540540540541
2,resnet18_imagenet_ensemble_raw50,214,64,0.689414156817893,190,53,0.6980575789108567,24,11,0.6013513513513513
2,resnet18_imagenet_ensemble_train_z50,214,64,0.6998347947642648,190,53,0.7145334720776968,24,11,0.5675675675675675
2,imagenet50_mamba,214,64,0.6290507052992756,190,53,0.634928893513701,24,11,0.6148648648648649
2,imagenet50_attention,214,64,0.6656500190621426,190,53,0.6706555671175859,24,11,0.5743243243243243
2,imagenet50_ensemble_train_percentile50,214,64,0.6775956284153005,190,53,0.6772459243843219,24,11,0.5878378378378378
2,imagenet50_ensemble_raw50,214,64,0.6505273859448468,190,53,0.6567811307665626,24,11,0.581081081081081
2,imagenet50_ensemble_train_z50,214,64,0.6737831998983352,190,53,0.674644467568505,24,11,0.5608108108108109
