repeat,fold,model,n_all,events_all,cindex_all,n_ct,events_ct,cindex_ct,n_mr,events_mr,cindex_mr
0,0,single_mamba,43,13,0.628482972136223,37,10,0.7095238095238096,6,3,0.3
0,0,single_attention,43,13,0.6408668730650154,37,10,0.7285714285714285,6,3,0.3
0,0,single_ensemble_train_percentile50,43,13,0.6408668730650154,37,10,0.7238095238095238,6,3,0.3
0,0,single_ensemble_raw50,43,13,0.6346749226006192,37,10,0.7142857142857143,6,3,0.3
0,0,single_ensemble_train_z50,43,13,0.6377708978328174,37,10,0.719047619047619,6,3,0.3
0,0,multiwindow_mamba,43,13,0.6160990712074303,37,10,0.7142857142857143,6,3,0.3
0,0,multiwindow_attention,43,13,0.6377708978328174,37,10,0.7142857142857143,6,3,0.3
0,0,multiwindow_ensemble_train_percentile50,43,13,0.6269349845201239,37,10,0.719047619047619,6,3,0.3
0,0,multiwindow_ensemble_raw50,43,13,0.6222910216718266,37,10,0.719047619047619,6,3,0.3
0,0,multiwindow_ensemble_train_z50,43,13,0.6253869969040248,37,10,0.7142857142857143,6,3,0.3
0,1,single_mamba,43,13,0.6599326599326599,39,12,0.6987951807228916,4,1,0.0
0,1,single_attention,43,13,0.6262626262626263,39,12,0.6305220883534136,4,1,1.0
0,1,single_ensemble_train_percentile50,43,13,0.6531986531986532,39,12,0.6746987951807228,4,1,0.0
0,1,single_ensemble_raw50,43,13,0.6599326599326599,39,12,0.6867469879518072,4,1,0.0
0,1,single_ensemble_train_z50,43,13,0.6531986531986532,39,12,0.6746987951807228,4,1,0.0
0,1,multiwindow_mamba,43,13,0.6397306397306397,39,12,0.6947791164658634,4,1,0.0
0,1,multiwindow_attention,43,13,0.6599326599326599,39,12,0.6626506024096386,4,1,0.0
0,1,multiwindow_ensemble_train_percentile50,43,13,0.6666666666666666,39,12,0.6927710843373494,4,1,0.0
0,1,multiwindow_ensemble_raw50,43,13,0.67003367003367,39,12,0.6987951807228916,4,1,0.0
0,1,multiwindow_ensemble_train_z50,43,13,0.67003367003367,39,12,0.6987951807228916,4,1,0.0
0,2,single_mamba,43,13,0.7708333333333334,36,9,0.8414634146341463,7,4,0.5625
0,2,single_attention,43,13,0.7256944444444444,36,9,0.725609756097561,7,4,0.75
0,2,single_ensemble_train_percentile50,43,13,0.7881944444444444,36,9,0.7926829268292683,7,4,0.625
0,2,single_ensemble_raw50,43,13,0.7847222222222222,36,9,0.8170731707317073,7,4,0.5625
0,2,single_ensemble_train_z50,43,13,0.7916666666666666,36,9,0.7987804878048781,7,4,0.6875
0,2,multiwindow_mamba,43,13,0.8090277777777778,36,9,0.8170731707317073,7,4,0.875
0,2,multiwindow_attention,43,13,0.75,36,9,0.7439024390243902,7,4,0.875
0,2,multiwindow_ensemble_train_percentile50,43,13,0.78125,36,9,0.7926829268292683,7,4,0.8125
0,2,multiwindow_ensemble_raw50,43,13,0.7847222222222222,36,9,0.7926829268292683,7,4,0.8125
0,2,multiwindow_ensemble_train_z50,43,13,0.78125,36,9,0.7865853658536586,7,4,0.8125
0,3,single_mamba,43,13,0.6948640483383686,38,11,0.7109375,5,2,0.75
0,3,single_attention,43,13,0.6858006042296072,38,11,0.703125,5,2,0.75
0,3,single_ensemble_train_percentile50,43,13,0.6993957703927492,38,11,0.716796875,5,2,0.75
0,3,single_ensemble_raw50,43,13,0.7039274924471299,38,11,0.72265625,5,2,0.75
0,3,single_ensemble_train_z50,43,13,0.7039274924471299,38,11,0.72265625,5,2,0.75
0,3,multiwindow_mamba,43,13,0.7069486404833837,38,11,0.7265625,5,2,0.75
0,3,multiwindow_attention,43,13,0.7129909365558912,38,11,0.7265625,5,2,0.75
0,3,multiwindow_ensemble_train_percentile50,43,13,0.6948640483383686,38,11,0.7109375,5,2,0.75
0,3,multiwindow_ensemble_raw50,43,13,0.7039274924471299,38,11,0.72265625,5,2,0.75
0,3,multiwindow_ensemble_train_z50,43,13,0.7009063444108762,38,11,0.71875,5,2,0.75
0,4,single_mamba,42,12,0.7101910828025477,40,11,0.6865671641791045,2,1,1.0
0,4,single_attention,42,12,0.7229299363057324,40,11,0.7089552238805971,2,1,1.0
0,4,single_ensemble_train_percentile50,42,12,0.7133757961783439,40,11,0.6902985074626866,2,1,1.0
0,4,single_ensemble_raw50,42,12,0.7070063694267515,40,11,0.6828358208955224,2,1,1.0
0,4,single_ensemble_train_z50,42,12,0.7070063694267515,40,11,0.6828358208955224,2,1,1.0
0,4,multiwindow_mamba,42,12,0.7611464968152867,40,11,0.746268656716418,2,1,1.0
0,4,multiwindow_attention,42,12,0.7292993630573248,40,11,0.7089552238805971,2,1,1.0
0,4,multiwindow_ensemble_train_percentile50,42,12,0.7484076433121019,40,11,0.7313432835820896,2,1,1.0
0,4,multiwindow_ensemble_raw50,42,12,0.7452229299363057,40,11,0.7276119402985075,2,1,1.0
0,4,multiwindow_ensemble_train_z50,42,12,0.7452229299363057,40,11,0.7276119402985075,2,1,1.0
1,0,single_mamba,43,13,0.6287425149700598,37,11,0.6958333333333333,6,2,0.2857142857142857
1,0,single_attention,43,13,0.718562874251497,37,11,0.7458333333333333,6,2,0.7142857142857143
1,0,single_ensemble_train_percentile50,43,13,0.6901197604790419,37,11,0.74375,6,2,0.5714285714285714
1,0,single_ensemble_raw50,43,13,0.6616766467065869,37,11,0.7291666666666666,6,2,0.42857142857142855
1,0,single_ensemble_train_z50,43,13,0.6946107784431138,37,11,0.75,6,2,0.5714285714285714
1,0,multiwindow_mamba,43,13,0.6796407185628742,37,11,0.75,6,2,0.2857142857142857
1,0,multiwindow_attention,43,13,0.7844311377245509,37,11,0.8125,6,2,0.8571428571428571
1,0,multiwindow_ensemble_train_percentile50,43,13,0.7544910179640718,37,11,0.8166666666666667,6,2,0.7142857142857143
1,0,multiwindow_ensemble_raw50,43,13,0.7095808383233533,37,11,0.7708333333333334,6,2,0.42857142857142855
1,0,multiwindow_ensemble_train_z50,43,13,0.7335329341317365,37,11,0.7875,6,2,0.7142857142857143
1,1,single_mamba,43,13,0.6289855072463768,40,12,0.615916955017301,3,1,1.0
1,1,single_attention,43,13,0.5855072463768116,40,12,0.5709342560553633,3,1,1.0
1,1,single_ensemble_train_percentile50,43,13,0.6043478260869565,40,12,0.5899653979238755,3,1,1.0
1,1,single_ensemble_raw50,43,13,0.6115942028985507,40,12,0.5951557093425606,3,1,1.0
1,1,single_ensemble_train_z50,43,13,0.6115942028985507,40,12,0.5951557093425606,3,1,1.0
1,1,multiwindow_mamba,43,13,0.6550724637681159,40,12,0.6332179930795848,3,1,1.0
1,1,multiwindow_attention,43,13,0.5739130434782609,40,12,0.5536332179930796,3,1,1.0
1,1,multiwindow_ensemble_train_percentile50,43,13,0.6086956521739131,40,12,0.5882352941176471,3,1,1.0
1,1,multiwindow_ensemble_raw50,43,13,0.6144927536231884,40,12,0.5951557093425606,3,1,1.0
1,1,multiwindow_ensemble_train_z50,43,13,0.6144927536231884,40,12,0.5951557093425606,3,1,1.0
1,2,single_mamba,43,13,0.7218045112781954,38,10,0.7794117647058824,5,3,0.2
1,2,single_attention,43,13,0.7105263157894737,38,10,0.7598039215686274,5,3,0.6
1,2,single_ensemble_train_percentile50,43,13,0.731203007518797,38,10,0.7696078431372549,5,3,0.6
1,2,single_ensemble_raw50,43,13,0.7293233082706767,38,10,0.7696078431372549,5,3,0.6
1,2,single_ensemble_train_z50,43,13,0.7255639097744361,38,10,0.7696078431372549,5,3,0.6
1,2,multiwindow_mamba,43,13,0.7556390977443609,38,10,0.8235294117647058,5,3,0.2
1,2,multiwindow_attention,43,13,0.7218045112781954,38,10,0.7696078431372549,5,3,0.6
1,2,multiwindow_ensemble_train_percentile50,43,13,0.7443609022556391,38,10,0.7990196078431373,5,3,0.4
1,2,multiwindow_ensemble_raw50,43,13,0.7406015037593985,38,10,0.7941176470588235,5,3,0.4
1,2,multiwindow_ensemble_train_z50,43,13,0.7443609022556391,38,10,0.7990196078431373,5,3,0.4
1,3,single_mamba,43,13,0.7722419928825622,36,11,0.7647058823529411,7,2,0.9090909090909091
1,3,single_attention,43,13,0.6619217081850534,36,11,0.6737967914438503,7,2,0.6363636363636364
1,3,single_ensemble_train_percentile50,43,13,0.693950177935943,36,11,0.6951871657754011,7,2,0.7272727272727273
1,3,single_ensemble_raw50,43,13,0.7330960854092526,36,11,0.7272727272727273,7,2,0.8181818181818182
1,3,single_ensemble_train_z50,43,13,0.701067615658363,36,11,0.7005347593582888,7,2,0.7272727272727273
1,3,multiwindow_mamba,43,13,0.697508896797153,36,11,0.7112299465240641,7,2,0.7272727272727273
1,3,multiwindow_attention,43,13,0.6405693950177936,36,11,0.679144385026738,7,2,0.36363636363636365
1,3,multiwindow_ensemble_train_percentile50,43,13,0.6779359430604982,36,11,0.6951871657754011,7,2,0.5909090909090909
1,3,multiwindow_ensemble_raw50,43,13,0.6761565836298933,36,11,0.6951871657754011,7,2,0.5454545454545454
1,3,multiwindow_ensemble_train_z50,43,13,0.6725978647686833,36,11,0.6898395721925134,7,2,0.5454545454545454
1,4,single_mamba,42,12,0.8165137614678899,39,9,0.8288288288288288,3,3,0.6666666666666666
1,4,single_attention,42,12,0.8409785932721713,39,9,0.8288288288288288,3,3,0.6666666666666666
1,4,single_ensemble_train_percentile50,42,12,0.8440366972477065,39,9,0.8333333333333334,3,3,0.6666666666666666
1,4,single_ensemble_raw50,42,12,0.8470948012232415,39,9,0.8378378378378378,3,3,0.6666666666666666
1,4,single_ensemble_train_z50,42,12,0.8470948012232415,39,9,0.8378378378378378,3,3,0.6666666666666666
1,4,multiwindow_mamba,42,12,0.8073394495412844,39,9,0.7792792792792793,3,3,0.6666666666666666
1,4,multiwindow_attention,42,12,0.8348623853211009,39,9,0.8063063063063063,3,3,0.6666666666666666
1,4,multiwindow_ensemble_train_percentile50,42,12,0.8379204892966361,39,9,0.8153153153153153,3,3,0.6666666666666666
1,4,multiwindow_ensemble_raw50,42,12,0.8379204892966361,39,9,0.8153153153153153,3,3,0.6666666666666666
1,4,multiwindow_ensemble_train_z50,42,12,0.8379204892966361,39,9,0.8153153153153153,3,3,0.6666666666666666
2,0,single_mamba,43,13,0.6870967741935484,39,12,0.6892430278884463,4,1,1.0
2,0,single_attention,43,13,0.7161290322580646,39,12,0.7330677290836654,4,1,1.0
2,0,single_ensemble_train_percentile50,43,13,0.7112903225806452,39,12,0.7231075697211156,4,1,1.0
2,0,single_ensemble_raw50,43,13,0.6967741935483871,39,12,0.701195219123506,4,1,1.0
2,0,single_ensemble_train_z50,43,13,0.7032258064516129,39,12,0.7091633466135459,4,1,1.0
2,0,multiwindow_mamba,43,13,0.7193548387096774,39,12,0.7290836653386454,4,1,1.0
2,0,multiwindow_attention,43,13,0.7290322580645161,39,12,0.7410358565737052,4,1,1.0
2,0,multiwindow_ensemble_train_percentile50,43,13,0.7290322580645161,39,12,0.7370517928286853,4,1,1.0
2,0,multiwindow_ensemble_raw50,43,13,0.7290322580645161,39,12,0.7370517928286853,4,1,1.0
2,0,multiwindow_ensemble_train_z50,43,13,0.7258064516129032,39,12,0.7330677290836654,4,1,1.0
2,1,single_mamba,43,13,0.7033333333333334,41,11,0.6583333333333333,2,2,1.0
2,1,single_attention,43,13,0.7233333333333334,41,11,0.6958333333333333,2,2,0.0
2,1,single_ensemble_train_percentile50,43,13,0.7316666666666667,41,11,0.7020833333333333,2,2,0.0
2,1,single_ensemble_raw50,43,13,0.72,41,11,0.6875,2,2,0.0
2,1,single_ensemble_train_z50,43,13,0.73,41,11,0.7,2,2,0.0
2,1,multiwindow_mamba,43,13,0.7066666666666667,41,11,0.6708333333333333,2,2,1.0
2,1,multiwindow_attention,43,13,0.7433333333333333,41,11,0.7083333333333334,2,2,1.0
2,1,multiwindow_ensemble_train_percentile50,43,13,0.7533333333333333,41,11,0.7083333333333334,2,2,1.0
2,1,multiwindow_ensemble_raw50,43,13,0.7566666666666667,41,11,0.7083333333333334,2,2,1.0
2,1,multiwindow_ensemble_train_z50,43,13,0.7533333333333333,41,11,0.7041666666666667,2,2,1.0
2,2,single_mamba,43,13,0.7604456824512534,40,11,0.7832167832167832,3,2,0.6666666666666666
2,2,single_attention,43,13,0.7520891364902507,40,11,0.7692307692307693,3,2,0.6666666666666666
2,2,single_ensemble_train_percentile50,43,13,0.754874651810585,40,11,0.7727272727272727,3,2,0.6666666666666666
2,2,single_ensemble_raw50,43,13,0.7576601671309192,40,11,0.7762237762237763,3,2,0.6666666666666666
2,2,single_ensemble_train_z50,43,13,0.7576601671309192,40,11,0.7762237762237763,3,2,0.6666666666666666
2,2,multiwindow_mamba,43,13,0.7576601671309192,40,11,0.7902097902097902,3,2,0.6666666666666666
2,2,multiwindow_attention,43,13,0.7576601671309192,40,11,0.7867132867132867,3,2,0.6666666666666666
2,2,multiwindow_ensemble_train_percentile50,43,13,0.7632311977715878,40,11,0.7937062937062938,3,2,0.6666666666666666
2,2,multiwindow_ensemble_raw50,43,13,0.7632311977715878,40,11,0.7937062937062938,3,2,0.6666666666666666
2,2,multiwindow_ensemble_train_z50,43,13,0.766016713091922,40,11,0.7937062937062938,3,2,0.6666666666666666
2,3,single_mamba,43,13,0.6784660766961652,34,10,0.7055837563451777,9,3,0.5294117647058824
2,3,single_attention,43,13,0.6607669616519174,34,10,0.7106598984771574,9,3,0.5294117647058824
2,3,single_ensemble_train_percentile50,43,13,0.6828908554572272,34,10,0.7258883248730964,9,3,0.5294117647058824
2,3,single_ensemble_raw50,43,13,0.6814159292035398,34,10,0.7258883248730964,9,3,0.5294117647058824
2,3,single_ensemble_train_z50,43,13,0.6814159292035398,34,10,0.7258883248730964,9,3,0.5294117647058824
2,3,multiwindow_mamba,43,13,0.6637168141592921,34,10,0.700507614213198,9,3,0.7058823529411765
2,3,multiwindow_attention,43,13,0.6489675516224189,34,10,0.6852791878172588,9,3,0.5294117647058824
2,3,multiwindow_ensemble_train_percentile50,43,13,0.6607669616519174,34,10,0.7055837563451777,9,3,0.5882352941176471
2,3,multiwindow_ensemble_raw50,43,13,0.6460176991150443,34,10,0.6852791878172588,9,3,0.5294117647058824
2,3,multiwindow_ensemble_train_z50,43,13,0.6430678466076696,34,10,0.6852791878172588,9,3,0.5294117647058824
2,4,single_mamba,42,12,0.584070796460177,36,9,0.5827814569536424,6,3,0.6666666666666666
2,4,single_attention,42,12,0.5619469026548672,36,9,0.5695364238410596,6,3,0.16666666666666666
2,4,single_ensemble_train_percentile50,42,12,0.5575221238938053,36,9,0.5695364238410596,6,3,0.5
2,4,single_ensemble_raw50,42,12,0.588495575221239,36,9,0.5960264900662252,6,3,0.6666666666666666
2,4,single_ensemble_train_z50,42,12,0.5619469026548672,36,9,0.5695364238410596,6,3,0.5
2,4,multiwindow_mamba,42,12,0.5929203539823009,36,9,0.6026490066225165,6,3,0.16666666666666666
2,4,multiwindow_attention,42,12,0.588495575221239,36,9,0.5894039735099338,6,3,0.3333333333333333
2,4,multiwindow_ensemble_train_percentile50,42,12,0.588495575221239,36,9,0.5960264900662252,6,3,0.16666666666666666
2,4,multiwindow_ensemble_raw50,42,12,0.5796460176991151,36,9,0.5894039735099338,6,3,0.16666666666666666
2,4,multiwindow_ensemble_train_z50,42,12,0.588495575221239,36,9,0.6026490066225165,6,3,0.16666666666666666
